,EditReservation.End,EditReservation.ReservationCar,EditReservation.ReservationLocation,EditReservation.ReservationSuccess,EditReservation.Start,EditUser.EditReservationCall,EditUser.EditUser,EditUser.End,EditUser.Start,Init*,SearchUsers.EditUserCall,SearchUsers.End,SearchUsers.Gebaeudeeigentuemer,SearchUsers.Gebauedeeigentuemer2,SearchUsers.SearchUsers,SearchUsers.Start,$
EditReservation.End,0.0; norm(0.00 0.00),0.0; norm(0.00 0.00),0.0; norm(0.00 0.00),0.0; norm(0.00 0.00),0.0; norm(0.00 0.00),0.0; norm(0.00 0.00),0.0; norm(0.00 0.00),0.0; norm(0.00 0.00),0.0; norm(0.00 0.00),0.0; norm(0.00 0.00),0.0; norm(0.00 0.00),0.0; norm(0.00 0.00),0.0; norm(0.00 0.00),0.0; norm(0.00 0.00),0.0; norm(0.00 0.00),0.0; norm(0.00 0.00),1.0; norm(0.00 0.00)
EditReservation.ReservationCar,0.0; norm(0.00 0.00),0.0; norm(0.00 0.00),0.0; norm(0.00 0.00),0.0; norm(0.00 0.00),0.0; norm(0.00 0.00),0.0; norm(0.00 0.00),0.0; norm(0.00 0.00),0.0; norm(0.00 0.00),0.0; norm(0.00 0.00),0.0; norm(0.00 0.00),0.0; norm(0.00 0.00),0.0; norm(0.00 0.00),0.0; norm(0.00 0.00),0.0; norm(0.00 0.00),0.0; norm(0.00 0.00),0.0; norm(0.00 0.00),1.0; norm(0.00 0.00)
EditReservation.ReservationLocation,0.0; norm(0.00 0.00),0.25; norm(80.00 40.00),0.35; norm(80.00 40.00),0.0; norm(0.00 0.00),0.0; norm(0.00 0.00),0.0; norm(0.00 0.00),0.0; norm(0.00 0.00),0.0; norm(0.00 0.00),0.0; norm(0.00 0.00),0.0; norm(0.00 0.00),0.0; norm(0.00 0.00),0.0; norm(0.00 0.00),0.0; norm(0.00 0.00),0.0; norm(0.00 0.00),0.0; norm(0.00 0.00),0.0; norm(0.00 0.00),0.4; norm(0.00 0.00)
EditReservation.ReservationSuccess,0.0; norm(0.00 0.00),0.0; norm(0.00 0.00),0.0; norm(0.00 0.00),0.0; norm(0.00 0.00),0.0; norm(0.00 0.00),0.0; norm(0.00 0.00),0.0; norm(0.00 0.00),0.0; norm(0.00 0.00),0.0; norm(0.00 0.00),0.0; norm(0.00 0.00),0.0; norm(0.00 0.00),0.0; norm(0.00 0.00),0.0; norm(0.00 0.00),0.0; norm(0.00 0.00),0.0; norm(0.00 0.00),0.0; norm(0.00 0.00),1.0; norm(0.00 0.00)
EditReservation.Start,0.0; norm(0.00 0.00),0.0; norm(0.00 0.00),0.0; norm(0.00 0.00),0.0; norm(0.00 0.00),0.0; norm(0.00 0.00),0.0; norm(0.00 0.00),0.0; norm(0.00 0.00),0.0; norm(0.00 0.00),0.0; norm(0.00 0.00),0.0; norm(0.00 0.00),0.0; norm(0.00 0.00),0.0; norm(0.00 0.00),0.0; norm(0.00 0.00),0.0; norm(0.00 0.00),0.0; norm(0.00 0.00),0.0; norm(0.00 0.00),1.0; norm(0.00 0.00)
EditUser.EditReservationCall,0.0; norm(0.00 0.00),0.0; norm(0.00 0.00),0.0; norm(0.00 0.00),0.0; norm(0.00 0.00),0.0; norm(0.00 0.00),0.0; norm(0.00 0.00),0.0; norm(0.00 0.00),0.0; norm(0.00 0.00),0.0; norm(0.00 0.00),0.0; norm(0.00 0.00),0.0; norm(0.00 0.00),0.0; norm(0.00 0.00),0.0; norm(0.00 0.00),0.0; norm(0.00 0.00),0.0; norm(0.00 0.00),0.0; norm(0.00 0.00),1.0; norm(0.00 0.00)
EditUser.EditUser,0.0; norm(0.00 0.00),0.0; norm(0.00 0.00),0.0; norm(0.00 0.00),0.0; norm(0.00 0.00),0.0; norm(0.00 0.00),0.0; norm(0.00 0.00),0.0; norm(0.00 0.00),0.0; norm(0.00 0.00),0.0; norm(0.00 0.00),0.0; norm(0.00 0.00),0.0; norm(0.00 0.00),0.0; norm(0.00 0.00),0.0; norm(0.00 0.00),0.0; norm(0.00 0.00),0.0; norm(0.00 0.00),0.0; norm(0.00 0.00),1.0; norm(0.00 0.00)
EditUser.End,0.0; norm(0.00 0.00),0.0; norm(0.00 0.00),0.0; norm(0.00 0.00),0.0; norm(0.00 0.00),0.0; norm(0.00 0.00),0.0; norm(0.00 0.00),0.0; norm(0.00 0.00),0.0; norm(0.00 0.00),0.0; norm(0.00 0.00),0.0; norm(0.00 0.00),0.0; norm(0.00 0.00),0.0; norm(0.00 0.00),0.0; norm(0.00 0.00),0.0; norm(0.00 0.00),0.0; norm(0.00 0.00),0.0; norm(0.00 0.00),1.0; norm(0.00 0.00)
EditUser.Start,0.0; norm(0.00 0.00),0.0; norm(0.00 0.00),0.0; norm(0.00 0.00),0.0; norm(0.00 0.00),0.0; norm(0.00 0.00),0.0; norm(0.00 0.00),0.0; norm(0.00 0.00),0.0; norm(0.00 0.00),0.0; norm(0.00 0.00),0.0; norm(0.00 0.00),0.0; norm(0.00 0.00),0.0; norm(0.00 0.00),0.0; norm(0.00 0.00),0.0; norm(0.00 0.00),0.0; norm(0.00 0.00),0.0; norm(0.00 0.00),1.0; norm(0.00 0.00)
Init**,0.0; norm(0.00 0.00),0.0; norm(0.00 0.00),0.0; norm(0.00 0.00),0.0; norm(0.00 0.00),0.0; norm(0.00 0.00),0.0; norm(0.00 0.00),0.0; norm(0.00 0.00),0.0; norm(0.00 0.00),0.0; norm(0.00 0.00),0.0; norm(0.00 0.00),0.0; norm(0.00 0.00),0.0; norm(0.00 0.00),0.0; norm(0.00 0.00),0.0; norm(0.00 0.00),0.0; norm(0.00 0.00),0.0; norm(0.00 0.00),1.0; norm(0.00 0.00)
SearchUsers.EditUserCall,0.0; norm(0.00 0.00),0.0; norm(0.00 0.00),0.0; norm(0.00 0.00),0.0; norm(0.00 0.00),0.0; norm(0.00 0.00),0.0; norm(0.00 0.00),0.0; norm(0.00 0.00),0.0; norm(0.00 0.00),0.0; norm(0.00 0.00),0.0; norm(0.00 0.00),0.0; norm(0.00 0.00),0.0; norm(0.00 0.00),0.0; norm(0.00 0.00),0.0; norm(0.00 0.00),0.0; norm(0.00 0.00),0.0; norm(0.00 0.00),1.0; norm(0.00 0.00)
SearchUsers.End,0.0; norm(0.00 0.00),0.0; norm(0.00 0.00),0.0; norm(0.00 0.00),0.0; norm(0.00 0.00),0.0; norm(0.00 0.00),0.0; norm(0.00 0.00),0.0; norm(0.00 0.00),0.0; norm(0.00 0.00),0.0; norm(0.00 0.00),0.0; norm(0.00 0.00),0.0; norm(0.00 0.00),0.0; norm(0.00 0.00),0.0; norm(0.00 0.00),0.0; norm(0.00 0.00),0.0; norm(0.00 0.00),0.0; norm(0.00 0.00),1.0; norm(0.00 0.00)
SearchUsers.Gebaeudeeigentuemer,0.0; norm(0.00 0.00),0.0; norm(0.00 0.00),0.0; norm(0.00 0.00),0.0; norm(0.00 0.00),0.0; norm(0.00 0.00),0.0; norm(0.00 0.00),0.0; norm(0.00 0.00),0.0; norm(0.00 0.00),0.0; norm(0.00 0.00),0.0; norm(0.00 0.00),0.0; norm(0.00 0.00),0.0; norm(0.00 0.00),0.0; norm(0.00 0.00),0.0; norm(0.00 0.00),0.0; norm(0.00 0.00),0.0; norm(0.00 0.00),1.0; norm(0.00 0.00)
SearchUsers.Gebauedeeigentuemer2,0.0; norm(0.00 0.00),0.0; norm(0.00 0.00),0.0; norm(0.00 0.00),0.0; norm(0.00 0.00),0.0; norm(0.00 0.00),0.0; norm(0.00 0.00),0.0; norm(0.00 0.00),0.0; norm(0.00 0.00),0.0; norm(0.00 0.00),0.0; norm(0.00 0.00),0.0; norm(0.00 0.00),0.0; norm(0.00 0.00),0.0; norm(0.00 0.00),0.0; norm(0.00 0.00),0.0; norm(0.00 0.00),0.0; norm(0.00 0.00),1.0; norm(0.00 0.00)
SearchUsers.SearchUsers,0.0; norm(0.00 0.00),0.0; norm(0.00 0.00),0.0; norm(0.00 0.00),0.0; norm(0.00 0.00),0.0; norm(0.00 0.00),0.0; norm(0.00 0.00),0.0; norm(0.00 0.00),0.0; norm(0.00 0.00),0.0; norm(0.00 0.00),0.0; norm(0.00 0.00),0.0; norm(0.00 0.00),0.0; norm(0.00 0.00),0.0; norm(0.00 0.00),0.0; norm(0.00 0.00),0.0; norm(0.00 0.00),0.0; norm(0.00 0.00),1.0; norm(0.00 0.00)
SearchUsers.Start,0.0; norm(0.00 0.00),0.0; norm(0.00 0.00),0.0; norm(0.00 0.00),0.0; norm(0.00 0.00),0.0; norm(0.00 0.00),0.0; norm(0.00 0.00),0.0; norm(0.00 0.00),0.0; norm(0.00 0.00),0.0; norm(0.00 0.00),0.0; norm(0.00 0.00),0.0; norm(0.00 0.00),0.0; norm(0.00 0.00),0.0; norm(0.00 0.00),0.0; norm(0.00 0.00),0.0; norm(0.00 0.00),0.0; norm(0.00 0.00),1.0; norm(0.00 0.00)
